name,url
mullmania,https://mullmania.com/
action-switch-grid,https://action-switch-grid.mullmania.com/
active-wall-note-sequencer,https://active-wall-note-sequencer.mullmania.com/
adam-nichols-demo,https://adam-nichols-demo.mullmania.com/
ads,https://ads.mullmania.com/
advance-on-miss-note-bounce,https://advance-on-miss-note-bounce.mullmania.com/
adventure-quest,https://adventure-quest.mullmania.com/
agent,https://agent.mullmania.com/
agent-guard-rails,https://agent-guard-rails.mullmania.com/
agent-rules,https://agent-rules.mullmania.com/
ai-deadline-perspective,https://ai-deadline-perspective.mullmania.com/
ai-provider,https://ai-provider.mullmania.com/
ai-ui-editor,https://ai-ui-editor.mullmania.com/
alien-abduction,https://alien-abduction.mullmania.com/
all-my-ideas,https://all-my-ideas.mullmania.com/
almanac,https://almanac.mullmania.com/
angle-bang,https://angle-bang.mullmania.com/
api-experiment-bucket,https://api-experiment-bucket.mullmania.com/
api-service-monitoring-dashboard,https://project-constellation.mullmania.com/
api-source-loop,https://api-source-loop.mullmania.com/
api-test-loop,https://api-test-loop.mullmania.com/
apocalypse-grocery,https://apocalypse-grocery.mullmania.com/
app-flyover,https://app-flyover.mullmania.com/
app-not-unused-skill,https://app-not-unused-skill.mullmania.com/
appfarm,https://appfarm.mullmania.com/
apple-trie,https://apple-trie.mullmania.com/
apple-tv-search,https://apple-tv-search.mullmania.com/
arcade,https://arcade.mullmania.com/
ask-me,https://ask-me.mullmania.com/
assets,https://assets.mullmania.com/
at-my-fingertips,https://at-my-fingertips.mullmania.com/
atomic,https://atomic.mullmania.com/
augur,https://augur.mullmania.com/
aurora-explorer-7457,https://aurora-explorer-7457.mullmania.com/
auto-timed-wall-note-bounce,https://auto-timed-wall-note-bounce.mullmania.com/
aws-hosting-system,https://aws-hosting-system.mullmania.com/
aws-lambda-dashboard,https://aws-lambda-dashboard.mullmania.com/
backend-state-pwa-shell,https://backend-state-pwa-shell.mullmania.com/
bad-llm,https://bad-llm.mullmania.com/
ball-drop-train-v27,https://ball-drop-train-v27.mullmania.com/
ball-drop-train-v30,https://ball-drop-train-v30.mullmania.com/
ball-drop-train-v31,https://ball-drop-train-v31.mullmania.com/
baseline-note-sequencer-5352,https://baseline-note-sequencer-5352.mullmania.com/
baseline-note-sequencer-5393,https://baseline-note-sequencer-5393.mullmania.com/
baseline-note-sequencer-6211,https://baseline-note-sequencer-6211.mullmania.com/
baseline-note-sequencer-7022,https://baseline-note-sequencer-7022.mullmania.com/
basic-web-page,https://basic-web-page.mullmania.com/
baton,https://baton.mullmania.com/
battleship,https://battleship.mullmania.com/
bedrock-slack-snippets-index,https://bedrock-slack-snippets-index.mullmania.com/
bee-tower-defense-game,https://bee-tower-defense-game.mullmania.com/
before-light,https://before-light.mullmania.com/
benny-lava,https://benny-lava.mullmania.com/
bgrocc,https://bgrocc.mullmania.com/
bgrocc-1-homeroom-horror,https://bgrocc-1-homeroom-horror.mullmania.com/
bgrocc-2-cafeteria-crash,https://bgrocc-2-cafeteria-crash.mullmania.com/
bgrocc-3-hot-lunch-line,https://bgrocc-3-hot-lunch-line.mullmania.com/
bgrocc-4-stapler-skate,https://bgrocc-4-stapler-skate.mullmania.com/
bgrocc-5-coop-catacombs,https://bgrocc-5-coop-catacombs.mullmania.com/
bgrocc-6-crop-duster,https://bgrocc-6-crop-duster.mullmania.com/
bgrocc-7-steam-tray-stack,https://bgrocc-7-steam-tray-stack.mullmania.com/
bgrocc-8-mosh-pit-mash,https://bgrocc-8-mosh-pit-mash.mullmania.com/
bgrocc-9-factory-f-arms,https://bgrocc-9-factory-f-arms.mullmania.com/
bib,https://bib.mullmania.com/
biff-pow,https://biff-pow.mullmania.com/
blank-html-stub,https://blank-html-stub.mullmania.com/
blorp,https://blorp.mullmania.com/
bouquet,https://bouquet.mullmania.com/
brain-dump-translator,https://brain-dump-translator.mullmania.com/
brain-farts,https://brain-farts.mullmania.com/
branch-signal,https://branch-signal.mullmania.com/
branded-clipboard-launcher,https://branded-clipboard-launcher.mullmania.com/
branded-clipboard-snapshot-launcher-1175,https://branded-clipboard-snapshot-launcher-1175.mullmania.com/
branded-clipboard-snapshot-launcher-3895,https://branded-clipboard-snapshot-launcher-3895.mullmania.com/
breakpointallthethings,https://breakpointallthethings.mullmania.com/
breathing-room,https://breathing-room.mullmania.com/
breedmark,https://breedmark.mullmania.com/
broadside,https://broadside.mullmania.com/
broken-clipboard-launcher-fragment-5274,https://broken-clipboard-launcher-fragment-5274.mullmania.com/
broken-clipboard-launcher-fragment-6191,https://broken-clipboard-launcher-fragment-6191.mullmania.com/
broken-clipboard-launcher-fragment-6436,https://broken-clipboard-launcher-fragment-6436.mullmania.com/
broken-clipboard-launcher-fragment-7176,https://broken-clipboard-launcher-fragment-7176.mullmania.com/
broken-text-fragment-st-2-o,https://broken-text-fragment-st-2-o.mullmania.com/
broker-video-proof-20260517t0121,https://broker-video-proof-20260517t0121.mullmania.com/
browser-scratchpad,https://browser-scratchpad.mullmania.com/
bucket-relay,https://bucket-relay.mullmania.com/
bug-beacon,https://bug-beacon.mullmania.com/
bug-beacon-bsod-task-snapshot,https://bug-beacon-bsod-task-snapshot.mullmania.com/
bundle-salvage-page,https://bundle-salvage-page.mullmania.com/
button-grid-tilt-ball-1105,https://button-grid-tilt-ball-1105.mullmania.com/
button-grid-tilt-ball-6609,https://button-grid-tilt-ball-6609.mullmania.com/
button-grid-tilt-ball-6628,https://button-grid-tilt-ball-6628.mullmania.com/
button-grid-tilt-ball-9806,https://button-grid-tilt-ball-9806.mullmania.com/
button-page-file-index,https://button-page-file-index.mullmania.com/
camera-kaleidoscope-2214,https://camera-kaleidoscope-2214.mullmania.com/
camera-kaleidoscope-4746,https://camera-kaleidoscope-4746.mullmania.com/
canon-site-auditor,https://canon-site-auditor.mullmania.com/
cant-wait-update,https://cant-wait-update.mullmania.com/
canvas-tetris-clone,https://canvas-tetris-clone.mullmania.com/
capybara-accountants,https://capybara-accountants.mullmania.com/
cardinal-note-bounce-motion,https://cardinal-note-bounce-motion.mullmania.com/
cardinal-note-wall-preview,https://cardinal-note-wall-preview.mullmania.com/
cardinal-wall-note-sequencer,https://cardinal-wall-note-sequencer.mullmania.com/
caroms,https://caroms.mullmania.com/
carousel,https://carousel.mullmania.com/
center-bumper-note-bounce,https://center-bumper-note-bounce.mullmania.com/
center-crosshairs-orbit-test,https://center-crosshairs-orbit-test.mullmania.com/
chachunk,https://chachunk.mullmania.com/
chaos-box,https://chaos-box.mullmania.com/
chatgpt-repo-bridge,https://chatgpt-repo-bridge.mullmania.com/
chipper,https://chipper.mullmania.com/
chladni,https://chladni.mullmania.com/
chrome-site-key-proof,https://chrome-site-key-proof.mullmania.com/
civitas-automata,https://civitas-automata.mullmania.com/
classic-three-reel-toast-slot,https://classic-three-reel-toast-slot.mullmania.com/
clean-train-sim-v29,https://clean-train-sim-v29.mullmania.com/
click-me-example-page,https://click-me-example-page.mullmania.com/
click-me-starter,https://click-me-starter.mullmania.com/
click-message-file-index,https://click-message-file-index.mullmania.com/
cline-browser-sample,https://cline-browser-sample.mullmania.com/
cline-conversation-search,https://cline-conversation-search.mullmania.com/
cline-dockerized,https://cline-dockerized.mullmania.com/
cline-graph-backup-index,https://cline-graph-backup-index.mullmania.com/
cline-workarounds,https://cline-workarounds.mullmania.com/
cline2,https://cline2.mullmania.com/
clinerules,https://clinerules.mullmania.com/
clipboard-dated-snapshot-dual-button-1527,https://clipboard-dated-snapshot-dual-button-1527.mullmania.com/
clipboard-dated-snapshot-dual-button-1982,https://clipboard-dated-snapshot-dual-button-1982.mullmania.com/
clipboard-dated-snapshot-dual-button-2033,https://clipboard-dated-snapshot-dual-button-2033.mullmania.com/
clipboard-dated-snapshot-dual-button-3553,https://clipboard-dated-snapshot-dual-button-3553.mullmania.com/
clipboard-fixed-snapshot-launcher-8420,https://clipboard-fixed-snapshot-launcher-8420.mullmania.com/
clipboard-fixed-snapshot-launcher-8808,https://clipboard-fixed-snapshot-launcher-8808.mullmania.com/
clipboard-fixed-snapshot-launcher-9209,https://clipboard-fixed-snapshot-launcher-9209.mullmania.com/
clipboard-fixed-snapshot-preview-launcher,https://clipboard-fixed-snapshot-preview-launcher.mullmania.com/
clipboard-html-iter9-auto-launcher-copy,https://clipboard-html-iter9-auto-launcher-copy.mullmania.com/
clipboard-html-iter9-auto-launcher-copy-11,https://clipboard-html-iter9-auto-launcher-copy-11.mullmania.com/
clipboard-html-iter9-auto-launcher-copy-14,https://clipboard-html-iter9-auto-launcher-copy-14.mullmania.com/
clipboard-html-iter9-auto-launcher-copy-2,https://clipboard-html-iter9-auto-launcher-copy-2.mullmania.com/
clipboard-html-iter9-auto-launcher-copy-20,https://clipboard-html-iter9-auto-launcher-copy-20.mullmania.com/
clipboard-html-iter9-auto-launcher-copy-21,https://clipboard-html-iter9-auto-launcher-copy-21.mullmania.com/
clipboard-html-iter9-auto-launcher-copy-22,https://clipboard-html-iter9-auto-launcher-copy-22.mullmania.com/
clipboard-html-iter9-auto-launcher-copy-3,https://clipboard-html-iter9-auto-launcher-copy-3.mullmania.com/
clipboard-html-iter9-auto-launcher-copy-4,https://clipboard-html-iter9-auto-launcher-copy-4.mullmania.com/
clipboard-html-iter9-auto-launcher-copy-5,https://clipboard-html-iter9-auto-launcher-copy-5.mullmania.com/
clipboard-html-iter9-auto-launcher-copy-6,https://clipboard-html-iter9-auto-launcher-copy-6.mullmania.com/
clipboard-html-iter9-auto-launcher-copy-7,https://clipboard-html-iter9-auto-launcher-copy-7.mullmania.com/
clipboard-html-iter9-auto-launcher-copy-8,https://clipboard-html-iter9-auto-launcher-copy-8.mullmania.com/
clipboard-html-iter9-auto-launcher-copy-9,https://clipboard-html-iter9-auto-launcher-copy-9.mullmania.com/
clipboard-html-iter9-launch-minimal,https://clipboard-html-iter9-launch-minimal.mullmania.com/
clipboard-html-iter9-launcher,https://clipboard-html-iter9-launcher.mullmania.com/
clipboard-html-iter9-launcher-copy,https://clipboard-html-iter9-launcher-copy.mullmania.com/
clipboard-html-launcher-basic,https://clipboard-html-launcher-basic.mullmania.com/
clipboard-html-project-uploader,https://clipboard-html-project-uploader.mullmania.com/
clipboard-html-snapshot-launcher-041119,https://clipboard-html-snapshot-launcher-041119.mullmania.com/
clipboard-html-snapshot-launcher-041122,https://clipboard-html-snapshot-launcher-041122.mullmania.com/
clipboard-html-snapshot-launcher-041130,https://clipboard-html-snapshot-launcher-041130.mullmania.com/
clipboard-html-snapshot-launcher-041132,https://clipboard-html-snapshot-launcher-041132.mullmania.com/
clipboard-html-snapshot-launcher-041134,https://clipboard-html-snapshot-launcher-041134.mullmania.com/
clipboard-html-snapshot-launcher-041140,https://clipboard-html-snapshot-launcher-041140.mullmania.com/
clipboard-html-snapshot-launcher-041142,https://clipboard-html-snapshot-launcher-041142.mullmania.com/
clipboard-iter9-status-launcher,https://clipboard-iter9-status-launcher.mullmania.com/
clipboard-launch-link-copier,https://clipboard-launch-link-copier.mullmania.com/
clipboard-launch-minimal,https://clipboard-launch-minimal.mullmania.com/
clipboard-launcher-15,https://clipboard-launcher-15.mullmania.com/
clipboard-launcher-16,https://clipboard-launcher-16.mullmania.com/
clipboard-launcher-17,https://clipboard-launcher-17.mullmania.com/
clipboard-launcher-172130,https://clipboard-launcher-172130.mullmania.com/
clipboard-launcher-172131,https://clipboard-launcher-172131.mullmania.com/
clipboard-launcher-172230,https://clipboard-launcher-172230.mullmania.com/
clipboard-launcher-172245,https://clipboard-launcher-172245.mullmania.com/
clipboard-launcher-172248,https://clipboard-launcher-172248.mullmania.com/
clipboard-launcher-172250,https://clipboard-launcher-172250.mullmania.com/
clipboard-launcher-172253,https://clipboard-launcher-172253.mullmania.com/
clipboard-launcher-172255,https://clipboard-launcher-172255.mullmania.com/
clipboard-launcher-172705,https://clipboard-launcher-172705.mullmania.com/
clipboard-launcher-172707,https://clipboard-launcher-172707.mullmania.com/
clipboard-launcher-172708,https://clipboard-launcher-172708.mullmania.com/
clipboard-launcher-172709,https://clipboard-launcher-172709.mullmania.com/
clipboard-launcher-172714,https://clipboard-launcher-172714.mullmania.com/
clipboard-launcher-172716,https://clipboard-launcher-172716.mullmania.com/
clipboard-launcher-172728,https://clipboard-launcher-172728.mullmania.com/
clipboard-launcher-172730,https://clipboard-launcher-172730.mullmania.com/
clipboard-launcher-172732,https://clipboard-launcher-172732.mullmania.com/
clipboard-launcher-174857,https://clipboard-launcher-174857.mullmania.com/
clipboard-launcher-174904,https://clipboard-launcher-174904.mullmania.com/
clipboard-launcher-174907,https://clipboard-launcher-174907.mullmania.com/
clipboard-launcher-175023,https://clipboard-launcher-175023.mullmania.com/
clipboard-launcher-175026,https://clipboard-launcher-175026.mullmania.com/
clipboard-launcher-175040,https://clipboard-launcher-175040.mullmania.com/
clipboard-launcher-175043,https://clipboard-launcher-175043.mullmania.com/
clipboard-launcher-175046,https://clipboard-launcher-175046.mullmania.com/
clipboard-launcher-175052,https://clipboard-launcher-175052.mullmania.com/
clipboard-launcher-175447,https://clipboard-launcher-175447.mullmania.com/
clipboard-launcher-175703,https://clipboard-launcher-175703.mullmania.com/
clipboard-launcher-18,https://clipboard-launcher-18.mullmania.com/
clipboard-launcher-180033,https://clipboard-launcher-180033.mullmania.com/
clipboard-launcher-180045,https://clipboard-launcher-180045.mullmania.com/
clipboard-launcher-180054,https://clipboard-launcher-180054.mullmania.com/
clipboard-launcher-180103,https://clipboard-launcher-180103.mullmania.com/
clipboard-launcher-19,https://clipboard-launcher-19.mullmania.com/
clipboard-launcher-20,https://clipboard-launcher-20.mullmania.com/
clipboard-launcher-21,https://clipboard-launcher-21.mullmania.com/
clipboard-launcher-22,https://clipboard-launcher-22.mullmania.com/
clipboard-launcher-23,https://clipboard-launcher-23.mullmania.com/
clipboard-launcher-233,https://clipboard-launcher-233.mullmania.com/
clipboard-launcher-24,https://clipboard-launcher-24.mullmania.com/
clipboard-launcher-2420,https://clipboard-launcher-2420.mullmania.com/
clipboard-launcher-25,https://clipboard-launcher-25.mullmania.com/
clipboard-launcher-26,https://clipboard-launcher-26.mullmania.com/
clipboard-launcher-27,https://clipboard-launcher-27.mullmania.com/
clipboard-launcher-28,https://clipboard-launcher-28.mullmania.com/
clipboard-launcher-29,https://clipboard-launcher-29.mullmania.com/
clipboard-launcher-30,https://clipboard-launcher-30.mullmania.com/
clipboard-launcher-32,https://clipboard-launcher-32.mullmania.com/
clipboard-launcher-6226,https://clipboard-launcher-6226.mullmania.com/
clipboard-launcher-7141,https://clipboard-launcher-7141.mullmania.com/
clipboard-launcher-7466,https://clipboard-launcher-7466.mullmania.com/
clipboard-launcher-75442,https://clipboard-launcher-75442.mullmania.com/
clipboard-launcher-8009,https://clipboard-launcher-8009.mullmania.com/
clipboard-launcher-8374,https://clipboard-launcher-8374.mullmania.com/
clipboard-launcher-8654,https://clipboard-launcher-8654.mullmania.com/
clipboard-launcher-9052,https://clipboard-launcher-9052.mullmania.com/
clipboard-open-go,https://clipboard-open-go.mullmania.com/
clipboard-project-status-launcher,https://clipboard-project-status-launcher.mullmania.com/
clipboard-send-launcher,https://clipboard-send-launcher.mullmania.com/
clipboard-snapshot-copy-launcher-8378,https://clipboard-snapshot-copy-launcher-8378.mullmania.com/
clipboard-snapshot-copy-launcher-9661,https://clipboard-snapshot-copy-launcher-9661.mullmania.com/
clipboard-snapshot-copy-link,https://clipboard-snapshot-copy-link.mullmania.com/
clipboard-snapshot-dual-button-1489,https://clipboard-snapshot-dual-button-1489.mullmania.com/
clipboard-snapshot-dual-button-1801,https://clipboard-snapshot-dual-button-1801.mullmania.com/
clipboard-snapshot-dual-button-1871,https://clipboard-snapshot-dual-button-1871.mullmania.com/
clipboard-snapshot-dual-button-2216,https://clipboard-snapshot-dual-button-2216.mullmania.com/
clipboard-snapshot-dual-button-2272,https://clipboard-snapshot-dual-button-2272.mullmania.com/
clipboard-snapshot-dual-button-2477,https://clipboard-snapshot-dual-button-2477.mullmania.com/
clipboard-snapshot-dual-button-3899,https://clipboard-snapshot-dual-button-3899.mullmania.com/
clipboard-snapshot-launcher,https://clipboard-snapshot-launcher.mullmania.com/
clipboard-snapshot-launcher-fullscreen,https://clipboard-snapshot-launcher-fullscreen.mullmania.com/
clipboard-snapshot-launcher-minimal,https://clipboard-snapshot-launcher-minimal.mullmania.com/
clipboard-snapshot-minimal-3119,https://clipboard-snapshot-minimal-3119.mullmania.com/
clipboard-snapshot-minimal-3376,https://clipboard-snapshot-minimal-3376.mullmania.com/
clipboard-snapshot-preview-launcher-7345,https://clipboard-snapshot-preview-launcher-7345.mullmania.com/
clipboard-snapshot-preview-launcher-8470,https://clipboard-snapshot-preview-launcher-8470.mullmania.com/
clipboard-snapshot-preview-launcher-8637,https://clipboard-snapshot-preview-launcher-8637.mullmania.com/
clipboard-snapshot-preview-launcher-9130,https://clipboard-snapshot-preview-launcher-9130.mullmania.com/
clipboard-snapshot-preview-launcher-styled-8065,https://clipboard-snapshot-preview-launcher-styled-8065.mullmania.com/
clipboard-snapshot-preview-launcher-styled-8114,https://clipboard-snapshot-preview-launcher-styled-8114.mullmania.com/
clipboard-snapshot-preview-launcher-styled-8484,https://clipboard-snapshot-preview-launcher-styled-8484.mullmania.com/
clipboard-snapshot-preview-launcher-styled-9263,https://clipboard-snapshot-preview-launcher-styled-9263.mullmania.com/
clipboard-snapshot-preview-launcher-styled-9673,https://clipboard-snapshot-preview-launcher-styled-9673.mullmania.com/
clipboard-title-autolaunch-article-20250227,https://clipboard-title-autolaunch-article-20250227.mullmania.com/
clipboard-title-autolaunch-article-live,https://clipboard-title-autolaunch-article-live.mullmania.com/
clipboard-title-autolaunch-creative-safe-20250227,https://clipboard-title-autolaunch-creative-safe-20250227.mullmania.com/
clipboard-title-autolaunch-creative-safe-live,https://clipboard-title-autolaunch-creative-safe-live.mullmania.com/
clock,https://clock.mullmania.com/
clone,https://clone.mullmania.com/
cloud-glow-label-demo,https://cloud-glow-label-demo.mullmania.com/
cloud-glow-label-demo123,https://cloud-glow-label-demo123.mullmania.com/
cloud-hover-color-demo,https://cloud-hover-color-demo.mullmania.com/
cloudwatcher,https://cloudwatcher.mullmania.com/
clue-commander,https://clue-commander.mullmania.com/
code-universe,https://code-universe.mullmania.com/
coderpad-artifact-rescue,https://coderpad-artifact-rescue.mullmania.com/
codescoop-project-explorer,https://codescoop-project-explorer.mullmania.com/
codex,https://codex.mullmania.com/
codex-manual-demo-202605011618,https://codex-manual-demo-202605011618.mullmania.com/
coin-opera,https://coin-opera.mullmania.com/
colored-suit-wall-bounce,https://colored-suit-wall-bounce.mullmania.com/
compact-clipboard-snapshot-launcher,https://compact-clipboard-snapshot-launcher.mullmania.com/
compact-clipboard-snapshot-launcher-copy,https://compact-clipboard-snapshot-launcher-copy.mullmania.com/
connect4,https://connect4.mullmania.com/
connjure-launcher,https://connjure-launcher.mullmania.com/
context,https://context.mullmania.com/
contrast-dye,https://contrast-dye.mullmania.com/
controllers,https://controllers.mullmania.com/
conversation-analyzer-demo,https://conversation-analyzer-demo.mullmania.com/
conversation-multiverse,https://conversation-multiverse.mullmania.com/
cott-action-test-harness,https://cott-action-test-harness.mullmania.com/
country-colors,https://country-colors.mullmania.com/
cozy-crate,https://cozy-crate.mullmania.com/
cozybox,https://cozybox.mullmania.com/
cruddite,https://cruddite.mullmania.com/
csharp-code-block-staging,https://csharp-code-block-staging.mullmania.com/
css-rocket-rescue,https://css-rocket-rescue.mullmania.com/
css-tools,https://css-tools.mullmania.com/
custom-checkbox,https://custom-checkbox.mullmania.com/
cv,https://cv.mullmania.com/
cytoscape-graph-demo,https://cytoscape-graph-demo.mullmania.com/
cytoscape-graph-throttle,https://cytoscape-graph-throttle.mullmania.com/
cytoscape-hello-world,https://cytoscape-hello-world.mullmania.com/
dad-bod-builder,https://dad-bod-builder.mullmania.com/
dag,https://dag.mullmania.com/
dallaire,https://dallaire.mullmania.com/
dance-monkey,https://dance-monkey.mullmania.com/
dance-party,https://dance-party.mullmania.com/
dark-flip-source-grid,https://dark-flip-source-grid.mullmania.com/
dark-source-grid,https://dark-source-grid.mullmania.com/
dark-source-production-grid,https://dark-source-production-grid.mullmania.com/
deck-duel,https://deck-duel.mullmania.com/
decks-out,https://decks-out.mullmania.com/
deeplink-tester,https://deeplink-tester.mullmania.com/
demo-for-me,https://demo-for-me.mullmania.com/
demo-gods,https://demo-gods.mullmania.com/
demos,https://demos.mullmania.com/
dendron,https://dendron.mullmania.com/
dense-bars-synth-visualizer,https://dense-bars-synth-visualizer.mullmania.com/
dense-rainbow-bar-visualizer,https://dense-rainbow-bar-visualizer.mullmania.com/
dense-rope-last-link-collision,https://dense-rope-last-link-collision.mullmania.com/
dense-rope-no-self-collision,https://dense-rope-no-self-collision.mullmania.com/
deploy-link-template-fragment,https://deploy-link-template-fragment.mullmania.com/
deployments,https://deployments.mullmania.com/
design-decision-questionnaire,https://design-decision-questionnaire.mullmania.com/
destank,https://destank.mullmania.com/
development-canon,https://development-canon.mullmania.com/
dia,https://dia.mullmania.com/
dialogue-tree,https://dialogue-tree.mullmania.com/
dice-games,https://dice-games.mullmania.com/
dire-straits,https://dire-straits.mullmania.com/
disco,https://disco.mullmania.com/
disem-bowling,https://disem-bowling.mullmania.com/
domino,https://domino.mullmania.com/
dong,https://dong.mullmania.com/
doppelganger,https://doppelganger.mullmania.com/
dossier,https://dossier.mullmania.com/
dot-clinerules,https://dot-clinerules.mullmania.com/
double-pendulum-trail-art,https://double-pendulum-trail-art.mullmania.com/
draggable-solar-system,https://draggable-solar-system.mullmania.com/
drop,https://drop.mullmania.com/
dual-button-clipboard-snapshot-launcher-4735,https://dual-button-clipboard-snapshot-launcher-4735.mullmania.com/
dual-button-clipboard-snapshot-launcher-4754,https://dual-button-clipboard-snapshot-launcher-4754.mullmania.com/
dual-button-clipboard-snapshot-launcher-4986,https://dual-button-clipboard-snapshot-launcher-4986.mullmania.com/
dual-button-clipboard-snapshot-launcher-5808,https://dual-button-clipboard-snapshot-launcher-5808.mullmania.com/
dual-button-clipboard-snapshot-launcher-6149,https://dual-button-clipboard-snapshot-launcher-6149.mullmania.com/
dual-button-clipboard-snapshot-launcher-6608,https://dual-button-clipboard-snapshot-launcher-6608.mullmania.com/
dual-camera-horizontal-mirror,https://dual-camera-horizontal-mirror.mullmania.com/
dual-camera-vertical-flip-1792,https://dual-camera-vertical-flip-1792.mullmania.com/
dual-camera-vertical-flip-9371,https://dual-camera-vertical-flip-9371.mullmania.com/
duck-tic-tac-toe-scoreboard,https://duck-tic-tac-toe-scoreboard.mullmania.com/
duck-tic-tac-toe-yellow-blue,https://duck-tic-tac-toe-yellow-blue.mullmania.com/
dueling-barristers,https://dueling-barristers.mullmania.com/
dynamo-db-local-editor,https://dynamo-db-local-editor.mullmania.com/
eight-by-forty-source-grid,https://eight-by-forty-source-grid.mullmania.com/
elastic-spring-train,https://elastic-spring-train.mullmania.com/
elastic-spring-train-a,https://elastic-spring-train-a.mullmania.com/
elastic-spring-train-legacy,https://elastic-spring-train-legacy.mullmania.com/
elastic-train,https://elastic-train.mullmania.com/
ellipsis-placeholder-page,https://ellipsis-placeholder-page.mullmania.com/
ellipsis-placeholder-shell,https://ellipsis-placeholder-shell.mullmania.com/
embers,https://embers.mullmania.com/
emoji-killer,https://emoji-killer.mullmania.com/
emoji-slot-machine,https://emoji-slot-machine.mullmania.com/
emoji-vote,https://emoji-vote.mullmania.com/
emoji-zombie-tic-tac-toe,https://emoji-zombie-tic-tac-toe.mullmania.com/
endpoint-grid-viewer,https://endpoint-grid-viewer.mullmania.com/
epicycle-studio,https://epicycle-studio.mullmania.com/
ether-spacing-force-graph,https://ether-spacing-force-graph.mullmania.com/
ether-spacing-force-graph-snapshot,https://ether-spacing-force-graph-snapshot.mullmania.com/
etl-pipeline-flow-visualizer,https://etl-pipeline-flow-visualizer.mullmania.com/
event-timeline-dot-grid,https://event-timeline-dot-grid.mullmania.com/
exact-stop-mobile-slot-machine,https://exact-stop-mobile-slot-machine.mullmania.com/
example,https://example.mullmania.com/
f3,https://f3.mullmania.com/
fab-ulous,https://fab-ulous.mullmania.com/
fabs,https://fabs.mullmania.com/
fake-history,https://fake-history.mullmania.com/
falldown,https://falldown.mullmania.com/
falling-shape-physics-sandbox,https://falling-shape-physics-sandbox.mullmania.com/
fastapp,https://fastapp.mullmania.com/
fastapp-builder-demo,https://fastapp-builder-demo.mullmania.com/
favicon,https://favicon.mullmania.com/
feed,https://feed.mullmania.com/
feedbuilder,https://feedbuilder.mullmania.com/
fever-dream,https://fever-dream.mullmania.com/
fictional-bio-scrolling-grid-3216,https://fictional-bio-scrolling-grid-3216.mullmania.com/
fictional-bio-scrolling-grid-4553,https://fictional-bio-scrolling-grid-4553.mullmania.com/
fictional-bio-scrolling-grid-6004,https://fictional-bio-scrolling-grid-6004.mullmania.com/
fictional-bio-scrolling-grid-7261,https://fictional-bio-scrolling-grid-7261.mullmania.com/
fictional-city-mood-map,https://fictional-city-mood-map.mullmania.com/
fieldloom,https://fieldloom.mullmania.com/
fighters,https://fighters.mullmania.com/
file-browser-src-fragment,https://file-browser-src-fragment.mullmania.com/
file-queue,https://file-queue.mullmania.com/
first-web-page,https://first-web-page.mullmania.com/
first-web-page-classic,https://first-web-page-classic.mullmania.com/
first-web-page-with-link,https://first-web-page-with-link.mullmania.com/
first-web-page-with-link-copy,https://first-web-page-with-link-copy.mullmania.com/
five-car-rope-train,https://five-car-rope-train.mullmania.com/
five-node-rope-physics,https://five-node-rope-physics.mullmania.com/
five-node-rope-train,https://five-node-rope-train.mullmania.com/
fixed-datestamp-snapshot-launcher-4218,https://fixed-datestamp-snapshot-launcher-4218.mullmania.com/
fixed-datestamp-snapshot-launcher-5739,https://fixed-datestamp-snapshot-launcher-5739.mullmania.com/
fixed-datestamp-snapshot-launcher-6105,https://fixed-datestamp-snapshot-launcher-6105.mullmania.com/
flambuoyancy,https://flambuoyancy.mullmania.com/
flappy,https://flappy.mullmania.com/
floating-cloud-labels-above,https://floating-cloud-labels-above.mullmania.com/
floating-cloud-labels-below,https://floating-cloud-labels-below.mullmania.com/
floating-clouds-parallax-constant-speed,https://floating-clouds-parallax-constant-speed.mullmania.com/
floating-clouds-parallax-variable-speed,https://floating-clouds-parallax-variable-speed.mullmania.com/
flock,https://flock.mullmania.com/
force-directed-graph-classic,https://force-directed-graph-classic.mullmania.com/
force-orbit-graph,https://force-orbit-graph.mullmania.com/
four-car-ball-drop-train,https://four-car-ball-drop-train.mullmania.com/
freight-ball-drop-train-v24,https://freight-ball-drop-train-v24.mullmania.com/
fridge-fight,https://fridge-fight.mullmania.com/
frog-bowling,https://frog-bowling.mullmania.com/
frogger,https://frogger.mullmania.com/
front-anchor-train,https://front-anchor-train.mullmania.com/
front-car-anchor-study,https://front-car-anchor-study.mullmania.com/
front-engine-spring-train,https://front-engine-spring-train.mullmania.com/
full,https://full.mullmania.com/
full-note-library,https://full-note-library.mullmania.com/
fullscreen-clipboard-launcher-4250,https://fullscreen-clipboard-launcher-4250.mullmania.com/
fullscreen-clipboard-launcher-4502,https://fullscreen-clipboard-launcher-4502.mullmania.com/
fullscreen-clipboard-launcher-6407,https://fullscreen-clipboard-launcher-6407.mullmania.com/
fullscreen-clipboard-launcher-6909,https://fullscreen-clipboard-launcher-6909.mullmania.com/
fullscreen-clipboard-snapshot-launcher,https://fullscreen-clipboard-snapshot-launcher.mullmania.com/
fullscreen-clipboard-snapshot-launcher-copy,https://fullscreen-clipboard-snapshot-launcher-copy.mullmania.com/
fullscreen-clipboard-snapshot-launcher-copy-10,https://fullscreen-clipboard-snapshot-launcher-copy-10.mullmania.com/
fullscreen-clipboard-snapshot-launcher-copy-2,https://fullscreen-clipboard-snapshot-launcher-copy-2.mullmania.com/
fullscreen-clipboard-snapshot-launcher-copy-3,https://fullscreen-clipboard-snapshot-launcher-copy-3.mullmania.com/
fullscreen-clipboard-snapshot-launcher-copy-4,https://fullscreen-clipboard-snapshot-launcher-copy-4.mullmania.com/
fullscreen-clipboard-snapshot-launcher-copy-5,https://fullscreen-clipboard-snapshot-launcher-copy-5.mullmania.com/
fullscreen-clipboard-snapshot-launcher-copy-6,https://fullscreen-clipboard-snapshot-launcher-copy-6.mullmania.com/
fullscreen-clipboard-snapshot-launcher-copy-7,https://fullscreen-clipboard-snapshot-launcher-copy-7.mullmania.com/
fullscreen-clipboard-snapshot-launcher-copy-8,https://fullscreen-clipboard-snapshot-launcher-copy-8.mullmania.com/
fullscreen-clipboard-snapshot-launcher-copy-9,https://fullscreen-clipboard-snapshot-launcher-copy-9.mullmania.com/
fullscreen-clipboard-snapshot-launcher-red-label,https://fullscreen-clipboard-snapshot-launcher-red-label.mullmania.com/
fullscreen-clipboard-snapshot-launcher-red-label-copy,https://fullscreen-clipboard-snapshot-launcher-red-label-copy.mullmania.com/
fullscreen-clipboard-snapshot-launcher-red-label-copy-2,https://fullscreen-clipboard-snapshot-launcher-red-label-copy-2.mullmania.com/
fullscreen-clipboard-snapshot-launcher-red-label-copy-3,https://fullscreen-clipboard-snapshot-launcher-red-label-copy-3.mullmania.com/
fullscreen-clipboard-snapshot-launcher-red-label-copy-4,https://fullscreen-clipboard-snapshot-launcher-red-label-copy-4.mullmania.com/
fullscreen-clipboard-snapshot-launcher-red-label-copy-5,https://fullscreen-clipboard-snapshot-launcher-red-label-copy-5.mullmania.com/
fullscreen-clipboard-snapshot-launcher-red-label-copy-6,https://fullscreen-clipboard-snapshot-launcher-red-label-copy-6.mullmania.com/
fullscreen-clipboard-snapshot-launcher-red-label-copy-7,https://fullscreen-clipboard-snapshot-launcher-red-label-copy-7.mullmania.com/
fullscreen-scoop-force-graph,https://fullscreen-scoop-force-graph.mullmania.com/
fullscreen-themed-jackpot-slot,https://fullscreen-themed-jackpot-slot.mullmania.com/
fullscreen-themed-slot-machine,https://fullscreen-themed-slot-machine.mullmania.com/
funk-out,https://funk-out.mullmania.com/
funnel,https://funnel.mullmania.com/
fv2,https://fv2.mullmania.com/
gcode-voxels,https://gcode-voxels.mullmania.com/
geography-jeopardy,https://geography-jeopardy.mullmania.com/
github-actions-description-placeholder,https://github-actions-description-placeholder.mullmania.com/
github-actions-description-placeholder-copy,https://github-actions-description-placeholder-copy.mullmania.com/
gitter,https://gitter.mullmania.com/
gnomon,https://gnomon.mullmania.com/
go-daemon,https://go-daemon.mullmania.com/
gocrud,https://gocrud.mullmania.com/
gocrud-plugin,https://gocrud-plugin.mullmania.com/
golden-apple,https://golden-apple.mullmania.com/
grammar-garden,https://grammar-garden.mullmania.com/
grantops-cleanroom,https://grantops-cleanroom.mullmania.com/
grantops-workspace,https://grantops-workspace.mullmania.com/
graph-engine,https://graph-engine.mullmania.com/
grass-cultivar-index,https://grass-cultivar-index.mullmania.com/
graveyard,https://graveyard.mullmania.com/
graveyard-browser,https://graveyard-browser.mullmania.com/
grid-and-train-file-index,https://grid-and-train-file-index.mullmania.com/
gumball,https://gumball.mullmania.com/
hackathon,https://hackathon.mullmania.com/
harbor-docket-d839,https://harbor-docket-d839.mullmania.com/
hello-text-file-index,https://hello-text-file-index.mullmania.com/
hello-underworld-page,https://hello-underworld-page.mullmania.com/
hello-universe-color-toggle,https://hello-universe-color-toggle.mullmania.com/
hello-universe-stub-page-3455,https://hello-universe-stub-page-3455.mullmania.com/
hello-universe-stub-page-4360,https://hello-universe-stub-page-4360.mullmania.com/
hello-universe-stub-page-6757,https://hello-universe-stub-page-6757.mullmania.com/
hello-universe-stub-page-7979,https://hello-universe-stub-page-7979.mullmania.com/
hello-world,https://hello-world.mullmania.com/
hello-world-backup-archive,https://hello-world-backup-archive.mullmania.com/
hello-world-backup-index,https://hello-world-backup-index.mullmania.com/
hello-world-button,https://hello-world-button.mullmania.com/
hello-world-dark,https://hello-world-dark.mullmania.com/
hello-world-stub-page,https://hello-world-stub-page.mullmania.com/
hidden-center-bumper-bounce,https://hidden-center-bumper-bounce.mullmania.com/
hilbert,https://hilbert.mullmania.com/
host-status-page,https://host-status-page.mullmania.com/
hosting-onboarding-wizard,https://hosting-onboarding-wizard.mullmania.com/
hosting-onboarding-wizard-basic,https://hosting-onboarding-wizard-basic.mullmania.com/
hot-wire,https://hot-wire.mullmania.com/
html-better-builtins,https://html-better-builtins.mullmania.com/
html-canvas-overlay,https://html-canvas-overlay.mullmania.com/
hydropress,https://hydropress.mullmania.com/
iamverysmart,https://iamverysmart.mullmania.com/
image-fiber,https://image-fiber.mullmania.com/
images,https://images.mullmania.com/
infinite-scroll,https://infinite-scroll.mullmania.com/
inner-thoughts,https://inner-thoughts.mullmania.com/
integrated-midi-ball-game,https://integrated-midi-ball-game.mullmania.com/
integrated-midi-ball-game-variant-1522,https://integrated-midi-ball-game-variant-1522.mullmania.com/
integrated-midi-ball-game-variant-5352,https://integrated-midi-ball-game-variant-5352.mullmania.com/
integrated-midi-ball-game-variant-5742,https://integrated-midi-ball-game-variant-5742.mullmania.com/
interactive-floating-cloud-clusters,https://interactive-floating-cloud-clusters.mullmania.com/
interactive-floating-clouds,https://interactive-floating-clouds.mullmania.com/
interactive-floating-clouds-puffy,https://interactive-floating-clouds-puffy.mullmania.com/
interactive-force-directed-graph,https://interactive-force-directed-graph.mullmania.com/
interactive-force-graph-editor,https://interactive-force-graph-editor.mullmania.com/
interactive-orbit-simulation,https://interactive-orbit-simulation.mullmania.com/
interactive-pitch-ai-ui,https://interactive-pitch-ai-ui.mullmania.com/
interactive-pitch-ai-ui-9611,https://interactive-pitch-ai-ui-9611.mullmania.com/
interactive-rope-physics,https://interactive-rope-physics.mullmania.com/
invisible-nodes-graph,https://invisible-nodes-graph.mullmania.com/
invisible-nodes-graph-snapshot,https://invisible-nodes-graph-snapshot.mullmania.com/
itchy-brain,https://itchy-brain.mullmania.com/
jeopardy-board,https://jeopardy-board.mullmania.com/
jeopardy-board-00,https://jeopardy-board-00.mullmania.com/
jeopardy-board-01,https://jeopardy-board-01.mullmania.com/
jeopardy-board-02,https://jeopardy-board-02.mullmania.com/
jeopardy-board-classic,https://jeopardy-board-classic.mullmania.com/
jeopardy-geo-game,https://jeopardy-geo-game.mullmania.com/
json-anon,https://json-anon.mullmania.com/
json-anonymizer-classic,https://json-anonymizer-classic.mullmania.com/
json-anonymizer-compact,https://json-anonymizer-compact.mullmania.com/
json-anonymizer-rescue,https://json-anonymizer-rescue.mullmania.com/
json-anonymizer-tool,https://json-anonymizer-tool.mullmania.com/
json-formatter,https://json-formatter.mullmania.com/
json-image-grid-browser,https://json-image-grid-browser.mullmania.com/
json-path-table-editor,https://json-path-table-editor.mullmania.com/
json-scanner-rescue,https://json-scanner-rescue.mullmania.com/
json-tools,https://json-tools.mullmania.com/
kazoo,https://kazoo.mullmania.com/
keepalive,https://keepalive.mullmania.com/
kerplop,https://kerplop.mullmania.com/
kuramoto,https://kuramoto.mullmania.com/
kurzgesagt-bbq-scene,https://kurzgesagt-bbq-scene.mullmania.com/
kurzgesagt-rocket-demo,https://kurzgesagt-rocket-demo.mullmania.com/
l-shaped-train-coupler-demo,https://l-shaped-train-coupler-demo.mullmania.com/
lambda-builder-api,https://lambda-builder-api.mullmania.com/
lambda-service-directory,https://lambda-service-directory.mullmania.com/
lambda-url-root,https://lambda-url-root.mullmania.com/
last-hit-note-sequencer,https://last-hit-note-sequencer.mullmania.com/
layouts-everywhere,https://layouts-everywhere.mullmania.com/
leaderboard,https://leaderboard.mullmania.com/
lecter,https://lecter.mullmania.com/
leftover-file-index,https://leftover-file-index.mullmania.com/
leftover-files-holding-page,https://leftover-files-holding-page.mullmania.com/
legacy-placeholder-page,https://legacy-placeholder-page.mullmania.com/
legacy-websites-link-hub,https://legacy-websites-link-hub.mullmania.com/
lemonade,https://lemonade.mullmania.com/
libraries,https://libraries.mullmania.com/
library-workspace-shell,https://library-workspace-shell.mullmania.com/
licensewindowshuffle,https://licensewindowshuffle.mullmania.com/
lichtenberg,https://lichtenberg.mullmania.com/
lie-detector,https://lie-detector.mullmania.com/
lighthouse,https://lighthouse.mullmania.com/
lime-wall-note-bounce,https://lime-wall-note-bounce.mullmania.com/
linked-car-train,https://linked-car-train.mullmania.com/
liskov-file-system,https://liskov-file-system.mullmania.com/
live-cytoscape-editor,https://live-cytoscape-editor.mullmania.com/
llm-decision-tree,https://llm-decision-tree.mullmania.com/
llm-help,https://llm-help.mullmania.com/
logo-designer,https://logo-designer.mullmania.com/
logsplit,https://logsplit.mullmania.com/
lonetree-brewing-sign,https://lonetree-brewing-sign.mullmania.com/
loop-deck,https://loop-deck.mullmania.com/
loop-reset-note-sequencer-6480,https://loop-reset-note-sequencer-6480.mullmania.com/
loop-reset-note-sequencer-6617,https://loop-reset-note-sequencer-6617.mullmania.com/
loose-code-scraps,https://loose-code-scraps.mullmania.com/
loose-rope-train,https://loose-rope-train.mullmania.com/
lucas-slop,https://lucas-slop.mullmania.com/
magnetic-field-particle-canvas,https://magnetic-field-particle-canvas.mullmania.com/
mainline-coding,https://mainline-coding.mullmania.com/
managed-blank-proof,https://managed-blank-proof.mullmania.com/
managed-broker-proof,https://managed-broker-proof.mullmania.com/
managed-copy-proof,https://managed-copy-proof.mullmania.com/
managed-tv-proof,https://managed-tv-proof.mullmania.com/
manifest-shell,https://manifest-shell.mullmania.com/
marble-maze,https://marble-maze.mullmania.com/
marble-playground,https://marble-playground.mullmania.com/
marionette,https://marionette.mullmania.com/
matter-ball-image-demo,https://matter-ball-image-demo.mullmania.com/
matter-force-graph-7465,https://matter-force-graph-7465.mullmania.com/
matter-force-graph-9662,https://matter-force-graph-9662.mullmania.com/
matter-rope-graph-2871,https://matter-rope-graph-2871.mullmania.com/
matter-rope-graph-6604,https://matter-rope-graph-6604.mullmania.com/
matter-rope-physics,https://matter-rope-physics.mullmania.com/
matter-shape-explosion-playground,https://matter-shape-explosion-playground.mullmania.com/
matter-train-minimal-kink-demo,https://matter-train-minimal-kink-demo.mullmania.com/
matter-train-rope-coupling-demo,https://matter-train-rope-coupling-demo.mullmania.com/
matter-train-stability-demo,https://matter-train-stability-demo.mullmania.com/
mcp,https://mcp.mullmania.com/
mcp-me,https://mcp-me.mullmania.com/
mcp-research,https://mcp-research.mullmania.com/
mcp-server-todo,https://mcp-server-todo.mullmania.com/
meadow,https://meadow.mullmania.com/
melody-bounce-grader,https://melody-bounce-grader.mullmania.com/
melody-bounce-loop-reset,https://melody-bounce-loop-reset.mullmania.com/
melody-bounce-preview,https://melody-bounce-preview.mullmania.com/
melody-bounce-preview-copy,https://melody-bounce-preview-copy.mullmania.com/
melody-bounce-progress,https://melody-bounce-progress.mullmania.com/
melody-bounce-progress-soundfx,https://melody-bounce-progress-soundfx.mullmania.com/
melody-bounce-scoreboard,https://melody-bounce-scoreboard.mullmania.com/
melody-bounce-scoreboard-feedback,https://melody-bounce-scoreboard-feedback.mullmania.com/
melody-wall-bounce-minimal,https://melody-wall-bounce-minimal.mullmania.com/
memory-game,https://memory-game.mullmania.com/
menagerie,https://menagerie.mullmania.com/
meowster-whiskerpaws-purrtfolio,https://meowster-whiskerpaws-purrtfolio.mullmania.com/
minimal-emoji-mobile-slot-machine,https://minimal-emoji-mobile-slot-machine.mullmania.com/
minimalist-cytoscape-graph,https://minimalist-cytoscape-graph.mullmania.com/
minute-mosaic,https://minute-mosaic.mullmania.com/
mirrored-engine-elastic-train,https://mirrored-engine-elastic-train.mullmania.com/
misheard-ritual,https://misheard-ritual.mullmania.com/
miss-minutes,https://miss-minutes.mullmania.com/
mixed-browser-experiments,https://mixed-browser-experiments.mullmania.com/
mobile-api-card-viewer,https://mobile-api-card-viewer.mullmania.com/
mobile-api-card-viewer-184322,https://mobile-api-card-viewer-184322.mullmania.com/
mobile-api-card-viewer-184337,https://mobile-api-card-viewer-184337.mullmania.com/
mobile-api-card-viewer-184341,https://mobile-api-card-viewer-184341.mullmania.com/
mobile-api-card-viewer-184346,https://mobile-api-card-viewer-184346.mullmania.com/
mobile-api-card-viewer-190310,https://mobile-api-card-viewer-190310.mullmania.com/
mobile-friendly-cytoscape-graph,https://mobile-friendly-cytoscape-graph.mullmania.com/
mobile-sensor-readout,https://mobile-sensor-readout.mullmania.com/
mobile-slot-machine,https://mobile-slot-machine.mullmania.com/
mobile-slot-machine-alt,https://mobile-slot-machine-alt.mullmania.com/
mock-api,https://mock-api.mullmania.com/
mock-search-results-page,https://mock-search-results-page.mullmania.com/
modals-everywhere,https://modals-everywhere.mullmania.com/
models,https://models.mullmania.com/
mom,https://mom.mullmania.com/
morgue,https://morgue.mullmania.com/
morphogen,https://morphogen.mullmania.com/
motion-labeled-wall-note-bounce,https://motion-labeled-wall-note-bounce.mullmania.com/
motion-note-grid-direction-arrow,https://motion-note-grid-direction-arrow.mullmania.com/
motion-note-grid-scoreboard,https://motion-note-grid-scoreboard.mullmania.com/
motion-sensor-dial,https://motion-sensor-dial.mullmania.com/
motion-sensor-light-painter,https://motion-sensor-light-painter.mullmania.com/
motion-sensor-pendulum-trail-art,https://motion-sensor-pendulum-trail-art.mullmania.com/
motion-timed-wall-note-bounce,https://motion-timed-wall-note-bounce.mullmania.com/
mullformed,https://mullformed.mullmania.com/
mullman-websites-aws-associate-architect-review,https://mullman-websites-aws-associate-architect-review.mullmania.com/
mullman-websites-local-dynamo,https://mullman-websites-local-dynamo.mullmania.com/
mullman-websites-starz-cafeteria-board-designer,https://mullman-websites-starz-cafeteria-board-designer.mullmania.com/
mullman-websites-tommy-dinner-tickets,https://mullman-websites-tommy-dinner-tickets.mullmania.com/
mullman-websites-tommy-market,https://mullman-websites-tommy-market.mullmania.com/
mullman-websites-tv,https://mullman-websites-tv.mullmania.com/
mullmania,https://mullmania.mullmania.com/
multilanguage-scrap-index,https://multilanguage-scrap-index.mullmania.com/
nelsonville,https://nelsonville.mullmania.com/
neon-animals,https://neon-animals.mullmania.com/
new-random-site,https://new-random-site.mullmania.com/
next-step,https://next-step.mullmania.com/
nichols-and-dimes,https://nichols-and-dimes.mullmania.com/
nikita-vibes,https://nikita-vibes.mullmania.com/
nikitakramar,https://nikitakramar.mullmania.com/
node-graph-editor,https://node-graph-editor.mullmania.com/
node-graph-editor-mobile,https://node-graph-editor-mobile.mullmania.com/
noise-marine-rhythm-clicker,https://noise-marine-rhythm-clicker.mullmania.com/
noise-press,https://noise-press.mullmania.com/
normalized-mobile-slot-machine,https://normalized-mobile-slot-machine.mullmania.com/
note-bounce-01,https://note-bounce-01.mullmania.com/
note-bounce-02,https://note-bounce-02.mullmania.com/
note-bounce-03,https://note-bounce-03.mullmania.com/
note-bounce-04,https://note-bounce-04.mullmania.com/
note-bounce-05,https://note-bounce-05.mullmania.com/
note-bounce-06,https://note-bounce-06.mullmania.com/
note-sheet-midi-bounce,https://note-sheet-midi-bounce.mullmania.com/
note-sheet-timed-walls,https://note-sheet-timed-walls.mullmania.com/
note-sheet-timed-walls-feedback,https://note-sheet-timed-walls-feedback.mullmania.com/
note-symbol-sequencer,https://note-symbol-sequencer.mullmania.com/
nuget,https://nuget.mullmania.com/
number-guessing,https://number-guessing.mullmania.com/
nv-backups,https://nv-backups.mullmania.com/
oai-agent-mode-output,https://oai-agent-mode-output.mullmania.com/
oath,https://oath.mullmania.com/
odbii,https://odbii.mullmania.com/
oh-billy,https://oh-billy.mullmania.com/
one-more-turnip,https://one-more-turnip.mullmania.com/
one-offs,https://one-offs.mullmania.com/
oneoffs,https://oneoffs.mullmania.com/
openai-archive,https://openai-archive.mullmania.com/
openapi-force-directed-graph,https://openapi-force-directed-graph.mullmania.com/
openapi-json-converter,https://openapi-json-converter.mullmania.com/
openapi-postman-converter,https://openapi-postman-converter.mullmania.com/
openapi-routes-json-converter,https://openapi-routes-json-converter.mullmania.com/
oracle,https://oracle.mullmania.com/
orbit-choir,https://orbit-choir.mullmania.com/
orbit-detach-graph,https://orbit-detach-graph.mullmania.com/
orbit-playground,https://orbit-playground.mullmania.com/
orbital-simulation-with-boost-buttons,https://orbital-simulation-with-boost-buttons.mullmania.com/
orbital-simulation-with-sliders,https://orbital-simulation-with-sliders.mullmania.com/
orbital-simulation-with-sliders-and-a-moon,https://orbital-simulation-with-sliders-and-a-moon.mullmania.com/
orbital-simulation-with-tap-speed-boost,https://orbital-simulation-with-tap-speed-boost.mullmania.com/
orchestra-note-flow-visualizer,https://orchestra-note-flow-visualizer.mullmania.com/
orientation-light-painter,https://orientation-light-painter.mullmania.com/
orphan-script-file-index,https://orphan-script-file-index.mullmania.com/
outatime,https://outatime.mullmania.com/
packages,https://packages.mullmania.com/
panic-packer,https://panic-packer.mullmania.com/
parallax-floating-clouds,https://parallax-floating-clouds.mullmania.com/
particle-burst-qr-canvas,https://particle-burst-qr-canvas.mullmania.com/
paste-and-send,https://paste-and-send.mullmania.com/
paste-go,https://paste-go.mullmania.com/
paste-send,https://paste-send.mullmania.com/
patcher,https://patcher.mullmania.com/
peach,https://peach.mullmania.com/
peeper,https://peeper.mullmania.com/
pendulum,https://pendulum.mullmania.com/
pennington,https://pennington.mullmania.com/
penrose,https://penrose.mullmania.com/
pet-memorial-scrolling-grid,https://pet-memorial-scrolling-grid.mullmania.com/
petri-atlas,https://petri-atlas.mullmania.com/
pg-clickclone,https://pg-clickclone.mullmania.com/
pg-clickclone-file-index,https://pg-clickclone-file-index.mullmania.com/
pharmacy,https://pharmacy.mullmania.com/
phase-harp,https://phase-harp.mullmania.com/
phone-cursor,https://phone-cursor.mullmania.com/
phone-input,https://phone-input.mullmania.com/
phone-remote,https://phone-remote.mullmania.com/
physarum,https://physarum.mullmania.com/
physics-shape-explosion-playground,https://physics-shape-explosion-playground.mullmania.com/
physics-sketchbook,https://physics-sketchbook.mullmania.com/
pi-gremlin,https://pi-gremlin.mullmania.com/
pinata,https://pinata.mullmania.com/
pinch-rotatable-cytoscape,https://pinch-rotatable-cytoscape.mullmania.com/
ping-swarm-tester,https://ping-swarm-tester.mullmania.com/
placeholder-repo-frontdoor,https://placeholder-repo-frontdoor.mullmania.com/
plain-text-stub,https://plain-text-stub.mullmania.com/
plan-visualizer,https://plan-visualizer.mullmania.com/
planetary-orbit-simulation,https://planetary-orbit-simulation.mullmania.com/
plinko,https://plinko.mullmania.com/
pm-a2a,https://pm-a2a.mullmania.com/
poc-beeseiged,https://poc-beeseiged.mullmania.com/
poc-broc-poc,https://poc-broc-poc.mullmania.com/
pocket-museum,https://pocket-museum.mullmania.com/
polyglot-filename-map,https://polyglot-filename-map.mullmania.com/
poor-man-s-locust-ping-tool,https://poor-man-s-locust-ping-tool.mullmania.com/
poor-mans-queue,https://poor-mans-queue.mullmania.com/
port-directory,https://port-directory.mullmania.com/
portamento,https://portamento.mullmania.com/
portfolio-hero-page,https://portfolio-hero-page.mullmania.com/
portfolio-landing-page,https://portfolio-landing-page.mullmania.com/
portfolio-placeholder,https://portfolio-placeholder.mullmania.com/
portfolio-starter-rescue,https://portfolio-starter-rescue.mullmania.com/
post-code-blocks-todo,https://post-code-blocks-todo.mullmania.com/
post-code-blocks-todo-a,https://post-code-blocks-todo-a.mullmania.com/
post-code-blocks-todo-b,https://post-code-blocks-todo-b.mullmania.com/
post-code-blocks-todo-c,https://post-code-blocks-todo-c.mullmania.com/
postgres-backup-restore,https://postgres-backup-restore.mullmania.com/
postgres-backup-restore-demo,https://postgres-backup-restore-demo.mullmania.com/
postgres-backup-restore-form-demo,https://postgres-backup-restore-form-demo.mullmania.com/
potato-animation-file-index,https://potato-animation-file-index.mullmania.com/
potato-choir,https://potato-choir.mullmania.com/
potato-parade,https://potato-parade.mullmania.com/
powerwasher,https://powerwasher.mullmania.com/
prism,https://prism.mullmania.com/
prism-code-example,https://prism-code-example.mullmania.com/
prism-theme-toggle-demo,https://prism-theme-toggle-demo.mullmania.com/
prismjs-code-highlighter-demo,https://prismjs-code-highlighter-demo.mullmania.com/
production-search,https://production-search.mullmania.com/
production-search-snapshot,https://production-search-snapshot.mullmania.com/
project-and,https://project-and.mullmania.com/
project-index,https://project-index.mullmania.com/
project-universe,https://project-universe.mullmania.com/
prompt-foundry,https://prompt-foundry.mullmania.com/
prompt-fronts,https://prompt-fronts.mullmania.com/
prompt-kiln,https://prompt-kiln.mullmania.com/
prompt-soundboard,https://prompt-soundboard.mullmania.com/
proof-lantern,https://proof-lantern.mullmania.com/
puppeteer,https://puppeteer.mullmania.com/
pwa-registry,https://pwa-registry.mullmania.com/
qr,https://qr.mullmania.com/
qr-clicker,https://qr-clicker.mullmania.com/
qr-clouds-demo,https://qr-clouds-demo.mullmania.com/
questions,https://questions.mullmania.com/
queue,https://queue.mullmania.com/
quick-maths,https://quick-maths.mullmania.com/
radial-polyrhythm-sketchpad,https://radial-polyrhythm-sketchpad.mullmania.com/
ragdoll-cannon,https://ragdoll-cannon.mullmania.com/
ragdoll-train-demo,https://ragdoll-train-demo.mullmania.com/
random-picker,https://random-picker.mullmania.com/
random-spinner-source-grid,https://random-spinner-source-grid.mullmania.com/
random-stop-mobile-slot-machine,https://random-stop-mobile-slot-machine.mullmania.com/
raw-string-response-040540,https://raw-string-response-040540.mullmania.com/
raw-string-response-040720,https://raw-string-response-040720.mullmania.com/
reaction-time,https://reaction-time.mullmania.com/
real-plan,https://real-plan.mullmania.com/
real-rope-train,https://real-rope-train.mullmania.com/
rear-engine-spring-train,https://rear-engine-spring-train.mullmania.com/
rear-pull-train-v23,https://rear-pull-train-v23.mullmania.com/
redline,https://redline.mullmania.com/
remix,https://remix.mullmania.com/
repo-drift-ledger,https://repo-drift-ledger.mullmania.com/
repo-lantern,https://repo-lantern.mullmania.com/
repo-launch-ladder,https://repo-launch-ladder.mullmania.com/
repo-maid,https://repo-maid.mullmania.com/
repo-proof-board,https://repo-proof-board.mullmania.com/
responsive-layout-theme-system,https://responsive-layout-theme-system.mullmania.com/
retro,https://retro.mullmania.com/
rhythm-engine,https://rhythm-engine.mullmania.com/
rhythm-scene,https://rhythm-scene.mullmania.com/
rigid-rope-full-drag,https://rigid-rope-full-drag.mullmania.com/
rigid-rope-soft-drag,https://rigid-rope-soft-drag.mullmania.com/
rigid-three-car-train-v28,https://rigid-three-car-train-v28.mullmania.com/
rigid-three-car-train-v28-classic,https://rigid-three-car-train-v28-classic.mullmania.com/
rocket-launch-explosion-demo,https://rocket-launch-explosion-demo.mullmania.com/
roll-the-bones,https://roll-the-bones.mullmania.com/
rollback-only-archive,https://rollback-only-archive.mullmania.com/
rope-physics-01,https://rope-physics-01.mullmania.com/
rope-physics-02,https://rope-physics-02.mullmania.com/
rope-physics-03,https://rope-physics-03.mullmania.com/
rope-physics-04,https://rope-physics-04.mullmania.com/
rope-physics-05,https://rope-physics-05.mullmania.com/
rope-physics-06,https://rope-physics-06.mullmania.com/
rope-physics-07,https://rope-physics-07.mullmania.com/
rope-physics-08,https://rope-physics-08.mullmania.com/
rope-physics-09,https://rope-physics-09.mullmania.com/
rope-physics-10,https://rope-physics-10.mullmania.com/
rope-tethered-train-demo,https://rope-tethered-train-demo.mullmania.com/
roslyn-mcp,https://roslyn-mcp.mullmania.com/
rotoscope,https://rotoscope.mullmania.com/
rsvp,https://rsvp.mullmania.com/
s3-browser,https://s3-browser.mullmania.com/
sample-data-card-list,https://sample-data-card-list.mullmania.com/
sand-file-index,https://sand-file-index.mullmania.com/
saved-browser-toy-arcade,https://saved-browser-toy-arcade.mullmania.com/
saved-browser-toys,https://saved-browser-toys.mullmania.com/
scoop-iframe-grid,https://scoop-iframe-grid.mullmania.com/
scoops-file-index,https://scoops-file-index.mullmania.com/
scored-arrow-wall-bounce-5399,https://scored-arrow-wall-bounce-5399.mullmania.com/
scored-arrow-wall-bounce-5415,https://scored-arrow-wall-bounce-5415.mullmania.com/
scored-note-sequencer,https://scored-note-sequencer.mullmania.com/
scored-tilt-note-sequencer,https://scored-tilt-note-sequencer.mullmania.com/
scrabble-scoreboard,https://scrabble-scoreboard.mullmania.com/
scrapegoat-extension-fragments,https://scrapegoat-extension-fragments.mullmania.com/
scrapegoat-popup-test-harness,https://scrapegoat-popup-test-harness.mullmania.com/
screenshot,https://screenshot.mullmania.com/
script-bucket-frontdoor,https://script-bucket-frontdoor.mullmania.com/
script-fragment-file-index,https://script-fragment-file-index.mullmania.com/
script-pile-file-index,https://script-pile-file-index.mullmania.com/
scrollable-grid-8x40,https://scrollable-grid-8x40.mullmania.com/
scrolling-content-8205,https://scrolling-content-8205.mullmania.com/
scrolling-kitten-card-marquee,https://scrolling-kitten-card-marquee.mullmania.com/
scrolling-kitten-grid,https://scrolling-kitten-grid.mullmania.com/
scrolling-kitten-grid-copy,https://scrolling-kitten-grid-copy.mullmania.com/
scrolling-mystery-character-grid,https://scrolling-mystery-character-grid.mullmania.com/
scrolling-placeholder-profile-grid,https://scrolling-placeholder-profile-grid.mullmania.com/
search-all-apps,https://search-all-apps.mullmania.com/
selector-fragment-file-index,https://selector-fragment-file-index.mullmania.com/
self-help,https://self-help.mullmania.com/
sensor-particle-canvas,https://sensor-particle-canvas.mullmania.com/
sensor-ribbon-painter-6566,https://sensor-ribbon-painter-6566.mullmania.com/
sensor-ribbon-painter-7218,https://sensor-ribbon-painter-7218.mullmania.com/
services,https://services.mullmania.com/
settings,https://settings.mullmania.com/
settings-status-page,https://settings-status-page.mullmania.com/
shake-it-off,https://shake-it-off.mullmania.com/
shared-state-adapter-demo,https://shared-state-adapter-demo.mullmania.com/
shift-key-detector,https://shift-key-detector.mullmania.com/
shift-key-detector-mobile-friendly,https://shift-key-detector-mobile-friendly.mullmania.com/
shot-preference-sheet,https://shot-preference-sheet.mullmania.com/
shot-preference-sheet-emoji,https://shot-preference-sheet-emoji.mullmania.com/
shot-preference-sheet-plain,https://shot-preference-sheet-plain.mullmania.com/
should-be-builtins,https://should-be-builtins.mullmania.com/
showcase,https://showcase.mullmania.com/
showcase-exports,https://showcase-exports.mullmania.com/
sick-grandma,https://sick-grandma.mullmania.com/
side-anchored-rope-train,https://side-anchored-rope-train.mullmania.com/
sidebars-everywhere,https://sidebars-everywhere.mullmania.com/
signal-argh,https://signal-argh.mullmania.com/
signal-argh-lambda,https://signal-argh-lambda.mullmania.com/
signal-zine,https://signal-zine.mullmania.com/
signalr-sql-jumpbox-flow,https://signalr-sql-jumpbox-flow.mullmania.com/
silly-starfield,https://silly-starfield.mullmania.com/
simon-says,https://simon-says.mullmania.com/
simple-click-demo-page,https://simple-click-demo-page.mullmania.com/
simple-counter-app,https://simple-counter-app.mullmania.com/
simple-ga,https://simple-ga.mullmania.com/
simple-rocket-demo,https://simple-rocket-demo.mullmania.com/
simple-rope-physics,https://simple-rope-physics.mullmania.com/
single-backup-html-index,https://single-backup-html-index.mullmania.com/
single-css-file-index,https://single-css-file-index.mullmania.com/
single-html-fragment-index,https://single-html-fragment-index.mullmania.com/
single-pendulum-gravity-toggle,https://single-pendulum-gravity-toggle.mullmania.com/
single-pendulum-gravity-toggle-copy,https://single-pendulum-gravity-toggle-copy.mullmania.com/
single-potato-salvage,https://single-potato-salvage.mullmania.com/
single-reel-auto-slot,https://single-reel-auto-slot.mullmania.com/
single-reel-auto-stop-slot,https://single-reel-auto-stop-slot.mullmania.com/
sir-oinksalot-pigtastic-portfolio,https://sir-oinksalot-pigtastic-portfolio.mullmania.com/
sites,https://sites.mullmania.com/
six-seven,https://six-seven.mullmania.com/
sketchy-ball-drop-train,https://sketchy-ball-drop-train.mullmania.com/
skyline,https://skyline.mullmania.com/
slack-block-builder,https://slack-block-builder.mullmania.com/
slack-block-kit-playground,https://slack-block-kit-playground.mullmania.com/
slack-block-kit-sandbox,https://slack-block-kit-sandbox.mullmania.com/
slack-block-kit-starter,https://slack-block-kit-starter.mullmania.com/
slack-block-preview,https://slack-block-preview.mullmania.com/
slack-block-preview-basic,https://slack-block-preview-basic.mullmania.com/
slack-bot,https://slack-bot.mullmania.com/
slack-emoji-grid,https://slack-emoji-grid.mullmania.com/
slapp,https://slapp.mullmania.com/
sleet-config-reference,https://sleet-config-reference.mullmania.com/
small-weather,https://small-weather.mullmania.com/
snake,https://snake.mullmania.com/
soapcut,https://soapcut.mullmania.com/
soft-alarm,https://soft-alarm.mullmania.com/
soft-alarm-43174,https://soft-alarm-43174.mullmania.com/
sonar,https://sonar.mullmania.com/
source-api-test-loop,https://source-api-test-loop.mullmania.com/
source-api-test-loop-live,https://source-api-test-loop-live.mullmania.com/
source-api-test-loop-template,https://source-api-test-loop-template.mullmania.com/
source-detail-grid-browser,https://source-detail-grid-browser.mullmania.com/
source-grid-loading-viewer,https://source-grid-loading-viewer.mullmania.com/
source-grid-refresh-viewer,https://source-grid-refresh-viewer.mullmania.com/
source-grid-search-viewer,https://source-grid-search-viewer.mullmania.com/
source-grid-spinner,https://source-grid-spinner.mullmania.com/
source-manager,https://source-manager.mullmania.com/
sources-crud-app,https://sources-crud-app.mullmania.com/
space-warp-tax-reader,https://space-warp-tax-reader.mullmania.com/
sparse-rainbow-bar-visualizer,https://sparse-rainbow-bar-visualizer.mullmania.com/
specromancer,https://specromancer.mullmania.com/
spinner-refresh-grid,https://spinner-refresh-grid.mullmania.com/
splat,https://splat.mullmania.com/
splatlab,https://splatlab.mullmania.com/
split-color,https://split-color.mullmania.com/
spooky-web-spinner,https://spooky-web-spinner.mullmania.com/
sprinkler,https://sprinkler.mullmania.com/
sqlite-visualizer,https://sqlite-visualizer.mullmania.com/
squash,https://squash.mullmania.com/
stacking,https://stacking.mullmania.com/
starfield,https://starfield.mullmania.com/
starglass,https://starglass.mullmania.com/
starz-live-watch-map,https://starz-live-watch-map.mullmania.com/
state,https://state.mullmania.com/
status-monitor,https://status-monitor.mullmania.com/
stim,https://stim.mullmania.com/
storyboard,https://storyboard.mullmania.com/
straight-rider,https://straight-rider.mullmania.com/
strataforge,https://strataforge.mullmania.com/
straw-showdown,https://straw-showdown.mullmania.com/
stray-script-style-rescue,https://stray-script-style-rescue.mullmania.com/
stream-deck,https://stream-deck.mullmania.com/
styled-dual-button-clipboard-snapshot-launcher,https://styled-dual-button-clipboard-snapshot-launcher.mullmania.com/
styles-everywhere,https://styles-everywhere.mullmania.com/
subtle-rainbow-bar-visualizer,https://subtle-rainbow-bar-visualizer.mullmania.com/
summon,https://summon.mullmania.com/
superhot,https://superhot.mullmania.com/
surviving-web-experiments,https://surviving-web-experiments.mullmania.com/
svg,https://svg.mullmania.com/
swagger,https://swagger.mullmania.com/
swagger-api-blooming-graph,https://swagger-api-blooming-graph.mullmania.com/
swagger-api-force-directed-graph,https://swagger-api-force-directed-graph.mullmania.com/
swagger-api-graph,https://swagger-api-graph.mullmania.com/
swagger-api-graph-snapshot,https://swagger-api-graph-snapshot.mullmania.com/
swagger-customization,https://swagger-customization.mullmania.com/
swagger-graph,https://swagger-graph.mullmania.com/
swarm-ping-tester,https://swarm-ping-tester.mullmania.com/
swing-sultans,https://swing-sultans.mullmania.com/
swipe-ball-hole-lanes,https://swipe-ball-hole-lanes.mullmania.com/
switchboard,https://switchboard.mullmania.com/
synthetic-bucket-file-index,https://synthetic-bucket-file-index.mullmania.com/
synthetic-file-index,https://synthetic-file-index.mullmania.com/
system-app-asset-index,https://system-app-asset-index.mullmania.com/
table-column-builder-classic,https://table-column-builder-classic.mullmania.com/
table-column-builder-wide,https://table-column-builder-wide.mullmania.com/
table-overflow-demo-2968,https://table-overflow-demo-2968.mullmania.com/
table-overflow-demo-8422,https://table-overflow-demo-8422.mullmania.com/
tabs-everywhere,https://tabs-everywhere.mullmania.com/
tags,https://tags.mullmania.com/
tap-anywhere-clipboard-title-launcher-live,https://tap-anywhere-clipboard-title-launcher-live.mullmania.com/
tap-repeater,https://tap-repeater.mullmania.com/
tap-to-play-melody,https://tap-to-play-melody.mullmania.com/
tap2app-file-index,https://tap2app-file-index.mullmania.com/
tasks,https://tasks.mullmania.com/
tech-demos,https://tech-demos.mullmania.com/
teeter-totter,https://teeter-totter.mullmania.com/
teleprompter,https://teleprompter.mullmania.com/
telestrate,https://telestrate.mullmania.com/
templates,https://templates.mullmania.com/
ten-segment-matter-rope,https://ten-segment-matter-rope.mullmania.com/
tensegrity,https://tensegrity.mullmania.com/
tentacle-monster-graph,https://tentacle-monster-graph.mullmania.com/
testaurant,https://testaurant.mullmania.com/
tests-everywhere,https://tests-everywhere.mullmania.com/
testy-mc-testface,https://testy-mc-testface.mullmania.com/
tetris-melody-tap-player,https://tetris-melody-tap-player.mullmania.com/
tetris-midi-dual-song-grid-6222,https://tetris-midi-dual-song-grid-6222.mullmania.com/
tetris-midi-full-song-player-7177,https://tetris-midi-full-song-player-7177.mullmania.com/
tetris-midi-note-button-5090,https://tetris-midi-note-button-5090.mullmania.com/
tetris-midi-note-button-6390,https://tetris-midi-note-button-6390.mullmania.com/
tetris-midi-note-button-8378,https://tetris-midi-note-button-8378.mullmania.com/
tetris-midi-shape-button-8402,https://tetris-midi-shape-button-8402.mullmania.com/
tetris-midi-theme-grid-6387,https://tetris-midi-theme-grid-6387.mullmania.com/
tetris-tap-melody,https://tetris-tap-melody.mullmania.com/
themed-results-toast-slot,https://themed-results-toast-slot.mullmania.com/
themed-slot-machine-with-results,https://themed-slot-machine-with-results.mullmania.com/
themes,https://themes.mullmania.com/
theremin,https://theremin.mullmania.com/
thirty-segment-rigid-rope,https://thirty-segment-rigid-rope.mullmania.com/
three-pane-json-anonymizer,https://three-pane-json-anonymizer.mullmania.com/
threejs-example,https://threejs-example.mullmania.com/
tic-hack-toe,https://tic-hack-toe.mullmania.com/
tic-tac-toe,https://tic-tac-toe.mullmania.com/
tics,https://tics.mullmania.com/
tilt-ball,https://tilt-ball.mullmania.com/
timed-wall-note-bounce,https://timed-wall-note-bounce.mullmania.com/
timed-wall-reset-bounce,https://timed-wall-reset-bounce.mullmania.com/
timer,https://timer.mullmania.com/
tiny-test-page,https://tiny-test-page.mullmania.com/
tixplain,https://tixplain.mullmania.com/
toasts-everywhere,https://toasts-everywhere.mullmania.com/
todo,https://todo.mullmania.com/
toggle-mode-list,https://toggle-mode-list.mullmania.com/
toggle-qr-code-simulation,https://toggle-qr-code-simulation.mullmania.com/
toggle-qr-code-simulation-copy,https://toggle-qr-code-simulation-copy.mullmania.com/
tommy-scanner,https://tommy-scanner.mullmania.com/
tools,https://tools.mullmania.com/
touch-spin-arrow-dial,https://touch-spin-arrow-dial.mullmania.com/
traffic-flow-visualization,https://traffic-flow-visualization.mullmania.com/
traffic-flow-visualization-copy,https://traffic-flow-visualization-copy.mullmania.com/
train-and-api-lab,https://train-and-api-lab.mullmania.com/
train-sim-v26,https://train-sim-v26.mullmania.com/
truncated-clipboard-launcher-fragment-8775,https://truncated-clipboard-launcher-fragment-8775.mullmania.com/
truncated-clipboard-launcher-fragment-9849,https://truncated-clipboard-launcher-fragment-9849.mullmania.com/
turkey-in-the-straw-swipe-melody,https://turkey-in-the-straw-swipe-melody.mullmania.com/
turkey-in-the-straw-touch-melody,https://turkey-in-the-straw-touch-melody.mullmania.com/
tv,https://tv.mullmania.com/
tv-communication,https://tv-communication.mullmania.com/
tv-safe-cytoscape-modal-browser,https://tv-safe-cytoscape-modal-browser.mullmania.com/
tv-screen,https://tv-screen.mullmania.com/
tv-tail,https://tv-tail.mullmania.com/
two-button-implementation-notes,https://two-button-implementation-notes.mullmania.com/
two-side-pages-wrapper,https://two-side-pages-wrapper.mullmania.com/
ui,https://ui.mullmania.com/
ui-everywhere,https://ui-everywhere.mullmania.com/
ui-refactor,https://ui-refactor.mullmania.com/
ultra-low-latency-streaming-dashboard,https://ultra-low-latency-streaming-dashboard.mullmania.com/
unattended-cline-notes,https://unattended-cline-notes.mullmania.com/
underlined-note-wall-bounce,https://underlined-note-wall-bounce.mullmania.com/
url-previewer,https://url-previewer.mullmania.com/
v3,https://v3.mullmania.com/
valet,https://valet.mullmania.com/
variable-based-layout-theme-system,https://variable-based-layout-theme-system.mullmania.com/
vatocean-spray,https://vatocean-spray.mullmania.com/
vibe,https://vibe.mullmania.com/
vibrant-suit-wall-bounce,https://vibrant-suit-wall-bounce.mullmania.com/
videos,https://videos.mullmania.com/
vigil,https://vigil.mullmania.com/
virtual-conductor,https://virtual-conductor.mullmania.com/
virtual-pet,https://virtual-pet.mullmania.com/
vizio-business-dashboard,https://vizio-business-dashboard.mullmania.com/
vizio-dark-theme,https://vizio-dark-theme.mullmania.com/
vizio-dashboard,https://vizio-dashboard.mullmania.com/
vizio-interactive-dashboard,https://vizio-interactive-dashboard.mullmania.com/
vizio-live-metrics-dashboard,https://vizio-live-metrics-dashboard.mullmania.com/
vizio-live-tiles,https://vizio-live-tiles.mullmania.com/
vizio-mini-dashboard,https://vizio-mini-dashboard.mullmania.com/
vizio-mobile-dashboard,https://vizio-mobile-dashboard.mullmania.com/
vizio-visual-dashboard,https://vizio-visual-dashboard.mullmania.com/
walmart-button,https://walmart-button.mullmania.com/
walmart-color-variations,https://walmart-color-variations.mullmania.com/
walmart-colors-landing-page,https://walmart-colors-landing-page.mullmania.com/
walmart-spark,https://walmart-spark.mullmania.com/
war-game,https://war-game.mullmania.com/
water-park-etl-flow-demo,https://water-park-etl-flow-demo.mullmania.com/
wave-flip-production-grid,https://wave-flip-production-grid.mullmania.com/
wavefunction,https://wavefunction.mullmania.com/
wavy-grass-demo,https://wavy-grass-demo.mullmania.com/
wealth-ops,https://wealth-ops.mullmania.com/
web-rtc,https://web-rtc.mullmania.com/
welcome-link-page,https://welcome-link-page.mullmania.com/
wide-bars-synth-visualizer,https://wide-bars-synth-visualizer.mullmania.com/
wide-perspective-slot-machine,https://wide-perspective-slot-machine.mullmania.com/
windows-service,https://windows-service.mullmania.com/
word-search,https://word-search.mullmania.com/
work,https://work.mullmania.com/
workflow-push-description-placeholder,https://workflow-push-description-placeholder.mullmania.com/
workflow-push-description-placeholder-copy,https://workflow-push-description-placeholder-copy.mullmania.com/
workflow-tester,https://workflow-tester.mullmania.com/
worth,https://worth.mullmania.com/
wrapped-table-demo,https://wrapped-table-demo.mullmania.com/
ww-reminder,https://ww-reminder.mullmania.com/
wwb-reminder,https://wwb-reminder.mullmania.com/
wwwroot,https://wwwroot.mullmania.com/
wysiweb,https://wysiweb.mullmania.com/
xbox-achievement,https://xbox-achievement.mullmania.com/
xbox-achievement-image-generator,https://xbox-achievement-image-generator.mullmania.com/
xmlreporting,https://xmlreporting.mullmania.com/
zombie-tic-tac-toe,https://zombie-tic-tac-toe.mullmania.com/
